{
  "run": "Run5_RealEnv",
  "n_train": 9000,
  "n_val": 1587,
  "n_human": 4235,
  "n_nonhuman": 6352,
  "val_metrics": {
    "accuracy": 1.0,
    "recall": 0.9999999999844479,
    "precision": 0.9999999999844479,
    "f1": 0.9999999949844478,
    "fn": 0,
    "fp": 0,
    "threshold": 0.3500000000000001,
    "confusion_matrix": [
      [
        944,
        0
      ],
      [
        0,
        643
      ]
    ],
    "n_human": 643,
    "n_nonhuman": 944
  },
  "tflite": "C:\\Users\\Saud_\\Downloads\\GProject\\thermal_results\\Run5_RealEnv\\tflite\\model.tflite",
  "tflite_mb": 2.5490646362304688,
  "improvement_vs_run4": {
    "run4_val_recall": 1.0,
    "run5_val_recall": 0.9999999999844479,
    "run4_fn": 0,
    "run5_fn": 0
  }
}